en_US Monday, August 1, 2011 5:08:17 AM CT
en_US Monday, August 1, 2011 5:08:17 AM CDT
en_US Monday, August 1, 2011 5:08:17 AM
en_US Monday, August 1, 2011 5:08 AM
en_US August 1, 2011 5:08:17 AM CT
en_US August 1, 2011 5:08:17 AM CDT
en_US August 1, 2011 5:08:17 AM
en_US August 1, 2011 5:08 AM
en_US Aug 1, 2011 5:08:17 AM CT
en_US Aug 1, 2011 5:08:17 AM CDT
en_US Aug 1, 2011 5:08:17 AM
en_US Aug 1, 2011 5:08 AM
en_US 8/1/11 5:08:17 AM CT
en_US 8/1/11 5:08:17 AM CDT
en_US 8/1/11 5:08:17 AM
en_US 8/1/11 5:08 AM